{"loss": [0.718334436416626, 0.6917231678962708, 0.6872648596763611, 0.6536421179771423, 0.674083411693573, 0.6273787617683411, 0.5752418637275696, 0.6141538023948669, 0.5445732474327087, 0.4599694609642029, 0.45120272040367126, 0.3790241777896881, 0.3400608003139496, 0.24964778125286102, 0.2688905894756317, 0.20573267340660095, 0.20868214964866638, 0.12695063650608063, 0.08716157078742981, 0.04790492728352547], "accuracy": [0.5041666626930237, 0.5375000238418579, 0.5833333134651184, 0.6354166865348816, 0.5979166626930237, 0.6833333373069763, 0.7270833253860474, 0.6645833253860474, 0.762499988079071, 0.7875000238418579, 0.7791666388511658, 0.8354166746139526, 0.8416666388511658, 0.9041666388511658, 0.9083333611488342, 0.9270833134651184, 0.9333333373069763, 0.956250011920929, 0.9791666865348816, 0.9916666746139526], "val_loss": [0.6933274269104004, 0.6912027597427368, 0.6761139631271362, 0.6990047097206116, 0.6452587842941284, 0.5261241793632507, 0.5549255609512329, 0.6128736138343811, 0.5751962065696716, 0.4586416482925415, 0.5052211284637451, 0.41309234499931335, 0.3250557780265808, 0.31272196769714355, 0.2607209086418152, 0.2733629047870636, 0.29235661029815674, 0.16393712162971497, 0.12902121245861053, 0.1248827576637268], "val_accuracy": [0.46875, 0.4921875, 0.625, 0.5234375, 0.6796875, 0.8046875, 0.6953125, 0.671875, 0.7265625, 0.8046875, 0.7421875, 0.796875, 0.828125, 0.875, 0.8984375, 0.8984375, 0.859375, 0.9296875, 0.9609375, 0.9765625]}