{"precision": [0.949999988079071, 0.9428571462631226], "recall": [1.0, 1.0], "accuracy": [0.96875, 0.96875]}